week,Australia,Austria,Bahrain,Belgium,Brazil,Canada,Channel Islands,Cyprus,Czech Republic,Denmark,EIRE,European Community,Finland,France,Germany,Greece,Iceland,Israel,Italy,Japan,Korea,Lebanon,Lithuania,Malta,Netherlands,Nigeria,Norway,Poland,Portugal,RSA,Saudi Arabia,Singapore,Spain,Sweden,Switzerland,Thailand,USA,United Arab Emirates,United Kingdom,Unspecified,West Indies
2009-12-06,196.10000000000002,,,439.1,,,989.18,760.69,,1008.0,2369.61,,,3319.16,1213.07,,,,,,,,,,6219.3,,,371.82,2454.68,,,,435.88,,,,141.0,,213000.35,,
2009-12-13,0.0,1429.83,,8.5,,,0.0,0.0,,0.0,2746.92,,549.08,2088.72,3605.27,610.95,,,,,,,,,104.15,,485.31,0.0,366.9,,,,412.6,285.29999999999995,,,0.0,517.7,195810.04,,
2009-12-20,75.0,0.0,,0.0,,,0.0,2796.29,,429.66,5941.25,,0.0,975.06,4477.08,0.0,,,422.35,,,,,,8881.28,,0.0,0.0,0.0,,,,1952.64,0.0,589.4,,0.0,0.0,182396.74,,
2009-12-27,0.0,568.51,,0.0,,,0.0,0.0,,0.0,7112.68,,0.0,138.75,801.4300000000001,0.0,,,0.0,,,,,,0.0,,0.0,0.0,0.0,,,,5149.06,0.0,0.0,,0.0,0.0,22007.77,,
2010-01-03,0.0,0.0,,0.0,,,0.0,0.0,,0.0,0.0,,0.0,0.0,0.0,0.0,,,0.0,,,,,,0.0,,0.0,0.0,0.0,,,,0.0,0.0,0.0,,0.0,0.0,0.0,,
2010-01-10,0.0,0.0,,404.55,,,0.0,0.0,,0.0,49191.92,,0.0,5021.12,205.75,0.0,,,0.0,,,,,,0.0,,0.0,0.0,0.0,,,,760.24,26.05,0.0,,0.0,0.0,112318.85,,
2010-01-17,0.0,0.0,,1120.27,,,0.0,0.0,,881.2,2189.45,,738.1800000000001,1208.8,4976.43,859.27,,,0.0,2.95,,,,,486.33,,0.0,0.0,0.0,,,,1410.99,0.0,0.0,,563.4200000000001,0.0,111460.47,,
2010-01-24,0.0,0.0,,0.0,,,838.75,0.0,,6989.4,9565.210000000001,,0.0,1325.28,2689.16,2507.06,,,0.0,0.0,,,,,10173.56,,0.0,0.0,0.0,,,,1120.46,1352.4,0.0,,1130.22,0.0,82065.331,211.95,
2010-01-31,0.0,0.0,,109.19999999999999,,,0.0,76.52000000000001,,0.0,4084.83,,63.24,910.43,4690.77,1432.02,,,39.67,0.0,,,,,18570.88,27.82,0.0,0.0,117.72,,,,889.55,301.70000000000005,0.0,,595.95,0.0,110790.591,823.15,
2010-02-07,0.0,437.90000000000003,,191.7,,,0.0,0.0,,0.0,9455.07,,0.0,1752.85,1795.26,0.0,,,0.0,159.66,,,,1636.38,266.5,0.0,0.0,0.0,403.33000000000004,931.43,,,509.04,0.0,0.0,,0.0,0.0,95340.552,0.0,
2010-02-14,662.25,562.96,,0.0,,,0.0,0.0,,0.0,1612.06,,0.0,5308.52,4720.93,0.0,,,0.0,0.0,,,,0.0,0.0,0.0,0.0,0.0,55.5,0.0,,,0.0,87.4,477.68,,0.0,0.0,66868.85,0.0,
2010-02-21,202.56,0.0,,3017.3,,,0.0,712.39,,19809.899999999998,4524.03,,0.0,0.0,972.5500000000001,0.0,,,0.0,0.0,,,,0.0,14957.6,0.0,0.0,0.0,0.0,0.0,,,0.0,1677.42,0.0,,0.0,0.0,115261.842,0.0,
2010-02-28,164.85,118.00000000000001,,0.0,,,0.0,38.099999999999994,,0.0,4615.3,,0.0,1962.79,1635.51,0.0,,,0.0,34.06,,,,0.0,2031.29,0.0,0.0,0.0,0.0,0.0,,,45.0,6437.76,0.0,,0.0,1310.3000000000002,133606.692,0.0,
2010-03-07,394.59,0.0,,904.02,,,0.0,0.0,,0.0,11452.29,,0.0,3678.23,4817.14,522.73,,,154.14,0.0,,,,0.0,1562.94,0.0,0.0,318.86,633.6800000000001,0.0,,,438.8,0.0,607.6800000000001,,0.0,0.0,126888.4,0.0,
2010-03-14,0.0,348.32,,0.0,,,0.0,337.74,,728.88,1469.51,,0.0,1455.7,1735.82,0.0,,,580.08,0.0,,,,0.0,13023.86,0.0,0.0,0.0,0.0,0.0,,,364.79,1037.2,0.0,,0.0,0.0,98040.0,0.0,
2010-03-21,0.0,0.0,,0.0,,,0.0,1417.94,,6866.3,3799.11,,0.0,2337.83,5363.19,0.0,,,0.0,110.4,,,,0.0,546.0,0.0,13916.34,0.0,0.0,0.0,,,0.0,46.8,343.94,,0.0,0.0,130498.511,0.0,
2010-03-28,34.8,576.8100000000001,,0.0,,,0.0,1123.51,,0.0,4838.18,,0.0,1185.83,4781.93,0.0,,,0.0,0.0,,,,0.0,9315.18,0.0,0.0,0.0,1885.3700000000001,0.0,,,822.84,253.57999999999998,0.0,,0.0,1201.52,146691.21,0.0,
2010-04-04,0.0,0.0,,245.76,,,1065.12,0.0,,0.0,1430.37,,0.0,714.0,2443.71,0.0,,,0.0,0.0,,,,0.0,2831.66,0.0,0.0,0.0,0.0,0.0,,,54.09,0.0,0.0,,0.0,0.0,110073.57,0.0,
2010-04-11,396.2,0.0,,0.0,,,0.0,0.0,,0.0,1015.48,,0.0,2550.1,6764.65,0.0,,,0.0,0.0,,,,0.0,976.0,0.0,0.0,0.0,0.0,0.0,,,0.0,5478.0,728.8,,0.0,0.0,106629.01,252.51999999999998,
2010-04-18,0.0,0.0,,1439.09,,,926.82,0.0,,0.0,10643.16,,0.0,1325.54,4387.571,0.0,,,0.0,0.0,,,,0.0,762.37,0.0,0.0,0.0,0.0,0.0,,,833.98,9534.84,0.0,,0.0,0.0,112262.45,0.0,
2010-04-25,0.0,0.0,,0.0,,,0.0,1151.7,,748.0,6027.96,,1255.13,1323.21,7592.3099999999995,0.0,,,0.0,0.0,,,,0.0,964.25,0.0,0.0,0.0,0.0,0.0,,,0.0,2685.28,0.0,,0.0,0.0,117823.11,0.0,
2010-05-02,234.75000000000003,1388.54,,885.5400000000001,,,0.0,0.0,,0.0,4079.75,,0.0,1492.33,2726.84,277.93,,,1525.85,0.0,,,,0.0,1488.3,0.0,0.0,0.0,85.53999999999999,0.0,,1252.95,0.0,0.0,1210.96,,0.0,0.0,155148.401,0.0,
2010-05-09,1520.07,0.0,,98.15,,,1194.48,0.0,,0.0,9517.56,,0.0,9320.91,2568.79,0.0,,,1008.9499999999999,0.0,,,,0.0,18002.0,0.0,0.0,0.0,0.0,0.0,,0.0,2129.65,0.0,0.0,,0.0,0.0,104203.41,0.0,
2010-05-16,0.0,0.0,,0.0,,,0.0,515.61,,0.0,3154.6800000000003,,837.11,2937.43,1652.36,413.55999999999995,,,945.75,0.0,,,,0.0,2311.06,0.0,0.0,0.0,0.0,0.0,,0.0,724.93,3556.7599999999998,535.37,,416.31,0.0,138020.81,0.0,
2010-05-23,791.16,0.0,488.21000000000004,0.0,,,782.8,0.0,,0.0,2737.7200000000003,,0.0,300.6,3421.98,2062.66,,,420.0,0.0,,,,0.0,0.0,0.0,0.0,0.0,632.95,0.0,,0.0,0.0,0.0,7802.09,,0.0,0.0,120034.66,0.0,
2010-05-30,59.92,622.04,0.0,0.0,,,3401.2400000000002,0.0,,0.0,1939.68,,0.0,1399.21,1233.3799999999999,0.0,,,0.0,0.0,,,,0.0,1969.67,0.0,0.0,0.0,124.25,0.0,,0.0,0.0,0.0,1487.7,,0.0,0.0,130320.33,0.0,
2010-06-06,0.0,0.0,0.0,489.26,,,0.0,0.0,,0.0,2019.81,,0.0,2156.96,2003.43,0.0,,,12.75,0.0,,,,0.0,4572.62,0.0,0.0,0.0,0.0,0.0,,0.0,0.0,0.0,0.0,,0.0,0.0,79636.37,0.0,
2010-06-13,446.54,268.1,0.0,0.0,,,0.0,0.0,,1407.3600000000001,2164.68,,534.14,1631.08,4792.89,0.0,,,0.0,0.0,,,,0.0,0.0,0.0,0.0,0.0,1590.1100000000001,0.0,,0.0,1708.56,206.20000000000002,211.2,,360.0,0.0,185933.06,0.0,
2010-06-20,0.0,0.0,0.0,346.25,,,0.0,0.0,,1288.1499999999999,13553.81,,0.0,2415.8,4368.99,0.0,,,254.7,0.0,,,,0.0,4521.71,0.0,0.0,0.0,0.0,0.0,,0.0,623.64,0.0,0.0,,0.0,0.0,100020.73,0.0,
2010-06-27,441.5,0.0,0.0,367.48,,,845.0,489.8,,0.0,3833.81,,0.0,1181.66,1544.87,0.0,,,0.0,375.33,,,,0.0,98.7,0.0,0.0,556.16,848.02,0.0,,0.0,0.0,0.0,0.0,1956.84,366.07,0.0,91351.12,0.0,
2010-07-04,2326.7400000000002,0.0,0.0,2597.35,,,0.0,0.0,,0.0,2276.56,,0.0,2128.84,8636.43,302.4,,1950.98,0.0,219.35,,,,0.0,15253.88,0.0,0.0,374.75,1230.33,0.0,,0.0,0.0,708.1,2574.88,0.0,170.0,0.0,130757.87,0.0,
2010-07-11,294.88,0.0,0.0,553.37,,,0.0,0.0,,591.6600000000001,23903.27,,0.0,1906.1200000000001,5056.22,0.0,,0.0,0.0,18.3,,,,0.0,496.45,0.0,0.0,0.0,288.1,0.0,,0.0,0.0,0.0,0.0,1113.7,0.0,0.0,102841.04000000001,0.0,
2010-07-18,336.24,0.0,0.0,0.0,,,0.0,0.0,,0.0,4869.36,,639.08,1138.99,5079.66,0.0,,0.0,0.0,0.0,,,1706.23,0.0,196.65,0.0,0.0,0.0,0.0,0.0,,0.0,0.0,0.0,0.0,,0.0,0.0,128661.84,2379.88,
2010-07-25,0.0,0.0,0.0,1166.76,,,0.0,0.0,,0.0,794.2,,317.15,1746.44,2649.28,0.0,,0.0,0.0,1235.0,,,0.0,0.0,3796.86,0.0,0.0,0.0,0.0,0.0,,0.0,77.8,1518.96,320.38,,0.0,0.0,120441.75,0.0,
2010-08-01,55.0,0.0,0.0,194.1,,,0.0,0.0,,0.0,1506.07,,0.0,6274.8,1821.15,0.0,,0.0,0.0,0.0,,,0.0,0.0,821.93,0.0,0.0,0.0,0.0,0.0,,0.0,1057.01,1071.82,0.0,,508.1,0.0,136678.29,0.0,
2010-08-08,0.0,0.0,0.0,251.38,,,0.0,0.0,,0.0,2263.65,,0.0,220.75,3665.09,0.0,,0.0,0.0,0.0,,,0.0,0.0,359.88,0.0,0.0,0.0,0.0,0.0,,0.0,125.0,0.0,0.0,,0.0,0.0,111608.96,0.0,
2010-08-15,0.0,0.0,0.0,0.0,,,0.0,0.0,,505.90999999999997,1253.5,,0.0,13009.81,461.67,0.0,,0.0,0.0,0.0,,,0.0,0.0,17666.55,0.0,0.0,0.0,282.3,0.0,,0.0,232.49,564.03,1330.23,,0.0,0.0,105085.2,0.0,
2010-08-22,176.0,1043.15,0.0,325.4,,,495.0,0.0,,1838.32,16755.16,,0.0,0.0,3179.23,0.0,,0.0,0.0,0.0,,,0.0,0.0,6077.68,112.57000000000001,152.4,0.0,0.0,0.0,,0.0,148.42000000000002,2138.91,722.8199999999999,,0.0,2047.28,119956.16,0.0,
2010-08-29,0.0,0.0,0.0,0.0,,,868.14,0.0,,0.0,1499.38,,0.0,3088.74,2276.33,721.7099999999999,,0.0,0.0,0.0,,,0.0,1868.56,777.49,,0.0,527.4399999999999,180.92,0.0,,0.0,0.0,0.0,0.0,,0.0,0.0,124254.86,0.0,536.41
2010-09-05,127.0,680.69,0.0,1250.84,,,0.0,537.39,,298.8,3034.1,,0.0,4839.94,2058.86,0.0,,0.0,0.0,0.0,,,0.0,1868.56,11887.0,,0.0,0.0,189.65,0.0,,0.0,794.08,0.0,1483.09,,0.0,0.0,94258.81999999999,590.65,
2010-09-12,0.0,0.0,0.0,326.65,,,750.9,0.0,,0.0,3324.79,,642.52,4687.12,3291.29,0.0,,0.0,368.7,1895.0,,,0.0,0.0,2002.8,,0.0,349.47,1095.95,0.0,,2784.82,781.22,2204.76,0.0,,0.0,0.0,93875.58,1387.5,
2010-09-19,0.0,1259.48,0.0,465.46,,,0.0,0.0,,0.0,9068.15,,0.0,1064.59,6350.86,0.0,,0.0,0.0,0.0,168.69000000000003,,0.0,0.0,6659.92,,973.69,0.0,1558.28,0.0,,0.0,2051.69,417.2,358.67,,0.0,0.0,125885.601,0.0,
2010-09-26,658.83,0.0,0.0,284.8,268.27,,4485.74,483.14,,1046.65,5649.7,,0.0,3498.11,1678.1200000000001,780.06,,0.0,1011.86,0.0,0.0,,0.0,0.0,23917.41,,0.0,0.0,0.0,0.0,,0.0,0.0,0.0,0.0,,0.0,0.0,180679.14,0.0,
2010-10-03,0.0,195.60000000000002,0.0,0.0,0.0,,2536.14,0.0,,678.6,25574.77,,756.92,1680.51,5446.81,0.0,,0.0,0.0,0.0,0.0,,0.0,0.0,3989.6,,0.0,0.0,120.7,0.0,,0.0,3583.58,850.29,632.68,,0.0,0.0,257301.3,0.0,
2010-10-10,533.8,0.0,0.0,65.3,0.0,,0.0,551.33,,0.0,5015.8,,0.0,1687.42,6403.13,3084.02,,0.0,0.0,0.0,0.0,,0.0,0.0,1543.6799999999998,,0.0,0.0,282.95,0.0,,0.0,211.31,6207.18,449.48,,0.0,0.0,217442.93,0.0,
2010-10-17,1383.51,857.75,0.0,740.5,0.0,,0.0,0.0,,358.6,5219.9400000000005,,631.9300000000001,9476.24,4043.41,0.0,,0.0,0.0,1533.8899999999999,0.0,,0.0,0.0,11612.1,,0.0,0.0,1820.92,0.0,,0.0,6375.5199999999995,704.36,5231.0599999999995,,132.8,433.6,248979.16,0.0,
2010-10-24,359.19,183.35,0.0,0.0,0.0,,2724.75,0.0,,0.0,7340.9400000000005,,0.0,2537.87,5099.05,0.0,,0.0,1916.21,0.0,0.0,,0.0,0.0,398.52,,0.0,0.0,0.0,0.0,,0.0,4855.63,0.0,905.86,,0.0,0.0,195588.52,0.0,
2010-10-31,712.65,0.0,317.76,669.92,0.0,834.89,0.0,0.0,,90.0,17198.47,,0.0,522.3199999999999,5291.08,0.0,611.53,0.0,3305.21,0.0,0.0,,0.0,0.0,439.05,,0.0,0.0,874.36,0.0,,0.0,0.0,1885.1799999999998,2043.29,,0.0,76.32000000000001,163622.79,0.0,
2010-11-07,880.3,329.34000000000003,0.0,0.0,0.0,0.0,0.0,0.0,,1539.1200000000001,6614.17,,414.98,1195.37,11956.81,0.0,0.0,0.0,524.4,0.0,0.0,,1525.39,0.0,12748.98,,4285.5199999999995,0.0,340.05,0.0,,0.0,953.6,429.70000000000005,462.95,,0.0,0.0,219731.99,0.0,
2010-11-14,0.0,690.79,0.0,1133.88,0.0,381.77000000000004,1343.9,397.59999999999997,,2520.84,5314.88,,0.0,3387.19,3762.44,0.0,0.0,1248.42,201.15,0.0,0.0,,0.0,0.0,1606.05,,143.75,821.14,2653.86,0.0,,0.0,4098.96,0.0,369.95,,0.0,1445.69,252428.931,0.0,
2010-11-21,0.0,0.0,0.0,2180.7,0.0,0.0,302.6,0.0,,0.0,13519.92,,0.0,8427.88,6132.51,0.0,0.0,0.0,836.08,23.6,0.0,,0.0,0.0,9432.57,,0.0,0.0,1055.0,0.0,,0.0,180.1,1184.21,12150.59,,402.59999999999997,268.0,207058.471,0.0,
2010-11-28,810.34,832.09,0.0,1938.4,0.0,0.0,632.23,0.0,,0.0,2218.76,,0.0,4647.35,5636.7,761.3,0.0,0.0,295.20000000000005,0.0,0.0,,0.0,0.0,1761.29,,0.0,0.0,585.95,0.0,,0.0,893.55,320.0,587.24,,0.0,0.0,225995.1,0.0,
2010-12-05,17271.38,1021.08,0.0,692.2,0.0,0.0,0.0,0.0,,0.0,5261.46,,0.0,6957.02,9650.15,0.0,0.0,0.0,1671.93,640.16,949.82,,3196.12,0.0,10895.05,,4038.33,496.32,687.12,0.0,,0.0,1240.0,0.0,606.8,,0.0,0.0,346578.64,300.93,
2010-12-12,517.8,0.0,0.0,0.0,0.0,0.0,727.06,0.0,,2563.0,5412.15,,0.0,8036.42,6830.47,0.0,1423.58,0.0,0.0,11179.39,,,126.0,0.0,0.0,,3735.96,0.0,3377.39,0.0,,0.0,349.44,0.0,0.0,,0.0,0.0,331660.73,0.0,
2010-12-19,415.7,277.2,0.0,625.16,0.0,0.0,0.0,1590.82,,0.0,1871.9,,892.8,551.12,5173.14,0.0,0.0,0.0,0.0,0.0,,,,0.0,0.0,,0.0,0.0,463.5,0.0,,0.0,1049.01,3834.2999999999997,0.0,,0.0,0.0,147026.08,0.0,
2010-12-26,0.0,0.0,0.0,838.65,0.0,0.0,0.0,0.0,,0.0,1052.15,,0.0,1702.87,2023.51,0.0,0.0,0.0,383.7,0.0,,,,0.0,8591.88,,0.0,0.0,0.0,0.0,,0.0,0.0,0.0,1001.52,,0.0,0.0,30514.83,0.0,
2011-01-02,0.0,0.0,0.0,0.0,0.0,0.0,0.0,0.0,,0.0,0.0,,0.0,0.0,0.0,0.0,0.0,0.0,0.0,0.0,,,,0.0,0.0,,0.0,0.0,0.0,0.0,,0.0,0.0,0.0,0.0,,0.0,0.0,0.0,0.0,
2011-01-09,7154.38,0.0,0.0,0.0,0.0,0.0,0.0,0.0,,0.0,258.0,,0.0,3369.29,3976.13,0.0,0.0,0.0,0.0,0.0,,,,0.0,0.0,,0.0,0.0,1100.16,0.0,,0.0,1138.67,547.56,0.0,,0.0,0.0,97321.08,0.0,
2011-01-16,721.1,0.0,0.0,651.16,0.0,0.0,0.0,547.5,,0.0,16774.72,,0.0,5956.76,2364.71,0.0,0.0,0.0,1608.66,0.0,,,,0.0,10389.06,,0.0,0.0,0.0,0.0,,0.0,6280.150000000001,0.0,0.0,,0.0,0.0,109421.12,0.0,
2011-01-23,757.5500000000001,0.0,0.0,225.6,0.0,0.0,0.0,0.0,,0.0,3222.42,,661.58,3516.07,1512.42,0.0,0.0,0.0,341.0,0.0,,,,0.0,16087.619999999999,,0.0,613.22,2271.62,0.0,,0.0,793.97,0.0,3604.63,,0.0,0.0,142150.28,0.0,
2011-01-30,384.68,0.0,0.0,323.44,0.0,0.0,675.58,0.0,,0.0,1649.05,,227.44,1306.03,6725.37,2661.24,475.39,0.0,452.84999999999997,0.0,,1693.88,,0.0,0.0,,0.0,0.0,683.9300000000001,0.0,,2053.07,1873.3,2938.7599999999998,626.6,,0.0,0.0,80538.16,0.0,
2011-02-06,0.0,518.36,0.0,213.89999999999998,0.0,0.0,0.0,0.0,,0.0,1815.43,,0.0,5980.94,4434.0,0.0,0.0,0.0,0.0,45.57,,,,0.0,348.93,,334.4,337.2,0.0,0.0,,0.0,906.23,509.5,693.3299999999999,,0.0,0.0,89957.44,0.0,
2011-02-13,259.95,0.0,0.0,315.81,0.0,0.0,0.0,1993.96,,0.0,0.0,,0.0,978.44,2876.8,0.0,0.0,0.0,0.0,5735.24,,,,0.0,1306.28,,0.0,266.85,0.0,0.0,,0.0,762.11,0.0,0.0,,0.0,0.0,73519.98,0.0,
2011-02-20,14022.92,0.0,0.0,1119.2,0.0,0.0,1784.71,1698.9,,399.22,6830.89,,0.0,2399.86,1495.47,0.0,0.0,779.1,256.0,0.0,,,,0.0,0.0,,296.5,0.0,0.0,0.0,,0.0,446.16,0.0,0.0,,0.0,889.24,93632.23,0.0,
2011-02-27,412.55,0.0,0.0,382.21,0.0,0.0,0.0,641.38,,0.0,1480.2,,205.16,1297.18,3106.99,0.0,0.0,0.0,0.0,0.0,,,,0.0,21491.18,,0.0,0.0,973.6500000000001,0.0,145.92,0.0,0.0,0.0,1519.67,,0.0,0.0,99031.27,0.0,
2011-03-06,16726.84,166.04,0.0,1119.07,0.0,0.0,828.84,0.0,549.26,0.0,3726.64,,4969.22,3488.18,1487.78,387.31,0.0,0.0,463.63,32.85,,,,0.0,0.0,,984.6500000000001,0.0,240.25,0.0,,0.0,471.8,0.0,441.92,,0.0,0.0,81516.54,0.0,
2011-03-13,210.9,0.0,0.0,0.0,0.0,0.0,2680.4900000000002,938.39,0.0,0.0,9536.36,,0.0,1056.1399999999999,2689.61,0.0,0.0,0.0,0.0,16.05,,,,0.0,444.8,,0.0,0.0,1570.19,0.0,,0.0,0.0,122.39999999999999,439.28,,0.0,0.0,92633.39,0.0,
2011-03-20,0.0,0.0,0.0,583.37,0.0,140.54,0.0,0.0,0.0,3978.9900000000002,6538.14,,409.2,1623.76,4418.76,0.0,0.0,0.0,1017.68,0.0,,,,0.0,117.92999999999999,,120.33,317.78,0.0,0.0,,0.0,1218.95,4400.28,0.0,,0.0,0.0,113393.11,0.0,
2011-03-27,286.25,1542.08,0.0,1799.49,0.0,0.0,0.0,0.0,0.0,0.0,1165.82,,0.0,3143.09,3971.32,0.0,0.0,0.0,0.0,0.0,,,,0.0,1799.22,,160.33,0.0,274.6,0.0,,0.0,2854.9,197.9,490.78000000000003,,0.0,0.0,112232.65,0.0,
2011-04-03,350.0,0.0,0.0,0.0,0.0,0.0,0.0,0.0,0.0,0.0,2114.59,,558.4,7120.64,2173.9,0.0,0.0,0.0,325.5,0.0,,,,0.0,20054.54,,0.0,0.0,816.0600000000001,0.0,,0.0,817.5,0.0,940.1700000000001,,0.0,0.0,108705.73,0.0,
2011-04-10,421.6,0.0,0.0,731.85,0.0,0.0,0.0,0.0,0.0,0.0,3987.52,,367.0,2222.0499999999997,2762.0,609.74,636.25,0.0,482.78999999999996,3599.38,,,,0.0,2284.2,,0.0,705.8399999999999,481.46000000000004,0.0,,8209.58,0.0,0.0,0.0,,0.0,0.0,92460.66,0.0,
2011-04-17,0.0,0.0,0.0,492.73,1143.6,0.0,293.0,0.0,0.0,0.0,1445.27,,679.92,1299.42,4070.63,0.0,0.0,0.0,0.0,0.0,,,,0.0,0.0,,0.0,0.0,1206.29,0.0,,0.0,269.95,486.1,888.25,,0.0,0.0,122567.941,299.1,
2011-04-24,0.0,0.0,0.0,269.66,,0.0,0.0,0.0,0.0,0.0,367.62,,642.0,1247.75,3637.55,0.0,0.0,0.0,255.04000000000002,2949.12,,,,0.0,0.0,,0.0,0.0,0.0,0.0,,0.0,1079.4,0.0,1188.69,,383.95,0.0,104069.24,0.0,
2011-05-01,0.0,680.78,0.0,495.24,,0.0,0.0,0.0,0.0,0.0,362.9,191.4,0.0,369.64000000000004,2591.01,0.0,0.0,0.0,0.0,0.0,,,,0.0,692.36,,0.0,0.0,0.0,0.0,,0.0,436.3,323.0,0.0,,0.0,0.0,67331.93000000001,0.0,
2011-05-08,0.0,165.85,0.0,531.05,,534.24,0.0,0.0,0.0,0.0,6262.78,0.0,0.0,3151.77,1509.2,0.0,0.0,0.0,0.0,0.0,,,,0.0,0.0,,0.0,154.8,0.0,0.0,,0.0,1902.71,0.0,2388.31,,0.0,0.0,114728.47,0.0,
2011-05-15,475.16,0.0,459.4,662.72,,0.0,0.0,0.0,0.0,515.7,603.78,0.0,0.0,5511.17,14885.61,0.0,0.0,0.0,0.0,1351.45,,,,0.0,17302.86,,0.0,0.0,1160.5500000000002,0.0,,0.0,0.0,2566.38,315.3,,0.0,0.0,132187.49,852.68,
2011-05-22,12691.16,0.0,89.0,297.38,,0.0,1207.24,0.0,0.0,0.0,7613.84,0.0,0.0,5363.39,4545.21,0.0,0.0,0.0,0.0,0.0,,,,0.0,1027.12,,0.0,0.0,0.0,0.0,,0.0,0.0,115.60000000000001,0.0,,0.0,0.0,163319.98,0.0,
2011-05-29,472.09,1083.58,,1241.25,,0.0,0.0,0.0,0.0,0.0,1501.79,0.0,0.0,3129.71,3641.89,0.0,0.0,0.0,0.0,0.0,,,,0.0,10372.88,,0.0,1367.57,3041.6800000000003,0.0,,0.0,48.4,0.0,0.0,,0.0,0.0,121076.06,0.0,
2011-06-05,0.0,0.0,,1381.04,,0.0,0.0,1109.32,0.0,0.0,0.0,387.05,0.0,3901.35,3810.09,0.0,0.0,0.0,587.45,0.0,,,,0.0,6325.62,,0.0,25.0,0.0,0.0,,0.0,1570.8899999999999,121.55,906.4,,0.0,0.0,82246.14,0.0,
2011-06-12,0.0,0.0,,837.08,,0.0,0.0,0.0,0.0,1621.25,5548.02,45.0,0.0,3840.3,2198.54,0.0,382.52,0.0,202.07,0.0,,,,833.16,511.58,,0.0,0.0,395.15000000000003,0.0,,0.0,1270.65,319.95,6819.76,,0.0,0.0,169194.05,0.0,
2011-06-19,23426.81,0.0,,992.02,,0.0,2060.0299999999997,0.0,0.0,0.0,7247.19,0.0,0.0,5981.6,3240.99,0.0,0.0,0.0,0.0,0.0,,,,0.0,5683.0599999999995,,0.0,318.65000000000003,489.31,0.0,,0.0,1702.96,0.0,0.0,,0.0,0.0,120797.68000000001,0.0,
2011-06-26,0.0,0.0,,900.78,,1171.46,0.0,0.0,0.0,1639.9,2539.21,0.0,329.56,2479.04,2900.32,0.0,0.0,0.0,0.0,1607.04,,,,30.0,792.39,,5886.860000000001,0.0,0.0,0.0,,0.0,95.19999999999999,390.5,1084.39,,0.0,0.0,90786.39,185.78,
2011-07-03,1760.96,0.0,,163.9,,0.0,0.0,0.0,0.0,0.0,6295.75,0.0,0.0,787.38,1270.52,0.0,0.0,0.0,0.0,0.0,,,,0.0,14028.46,,0.0,0.0,0.0,0.0,,0.0,0.0,0.0,360.8,,0.0,0.0,91812.15,0.0,
2011-07-10,0.0,0.0,,1022.82,,0.0,0.0,0.0,0.0,0.0,205.60000000000002,0.0,632.44,3386.58,3644.65,0.0,0.0,0.0,0.0,0.0,,,,0.0,0.0,,0.0,0.0,0.0,0.0,,0.0,4840.21,2825.1,626.88,,0.0,0.0,114199.46,0.0,
2011-07-17,3698.45,484.86,,45.599999999999994,,1768.58,0.0,0.0,0.0,0.0,1802.07,0.0,1710.39,2900.4900000000002,4086.29,421.24,0.0,1430.75,0.0,0.0,,,,0.0,0.0,,0.0,687.3,1452.2,0.0,,0.0,312.9,0.0,0.0,,0.0,0.0,97244.71,252.05,
2011-07-24,1147.13,0.0,,0.0,,0.0,0.0,0.0,0.0,0.0,15723.39,676.8,653.9,2378.61,6681.62,0.0,0.0,0.0,0.0,174.0,,,,0.0,26.02,,890.0699999999999,0.0,835.65,0.0,,3949.32,301.52,0.0,0.0,,0.0,0.0,134081.78,0.0,
2011-07-31,118.8,707.09,,1407.15,,0.0,0.0,0.0,0.0,376.24,21379.91,,0.0,882.65,1957.02,0.0,0.0,0.0,147.1,3680.4,,,,0.0,0.0,,0.0,0.0,0.0,0.0,,0.0,2170.29,3976.99,2774.97,,0.0,0.0,124542.861,546.43,
2011-08-07,0.0,0.0,,1133.51,,0.0,759.56,0.0,0.0,0.0,5917.83,,360.81,2629.35,4920.42,0.0,584.9100000000001,0.0,959.5,0.0,,,,0.0,0.0,,0.0,275.88,0.0,0.0,,0.0,867.43,612.0,4008.62,,0.0,0.0,133155.37,0.0,
2011-08-14,608.76,981.38,,678.87,,0.0,0.0,0.0,0.0,213.15,5921.04,,605.14,707.88,519.63,0.0,0.0,0.0,721.95,0.0,,,,0.0,32474.97,,2025.81,0.0,0.0,0.0,,0.0,0.0,249.10000000000002,292.69,,0.0,0.0,97651.84,0.0,
2011-08-21,21880.44,534.7,,789.87,,0.0,1432.0,0.0,0.0,0.0,3626.35,,0.0,3647.0,2448.94,0.0,0.0,4873.8099999999995,0.0,0.0,,,,905.5,0.0,,0.0,0.0,1221.4,0.0,,0.0,445.25,185.9,668.58,,0.0,0.0,125420.95,0.0,
2011-08-28,0.0,0.0,,752.79,,51.559999999999995,2705.22,0.0,0.0,0.0,1502.16,,410.55,4676.43,5491.25,0.0,0.0,0.0,309.5,0.0,,,,213.5,7852.84,,0.0,0.0,0.0,0.0,,0.0,1755.83,353.86,0.0,,0.0,0.0,121444.74,531.03,
2011-09-04,2941.7200000000003,0.0,,841.26,,,0.0,0.0,0.0,0.0,5258.73,,230.3,3984.88,8696.92,0.0,0.0,0.0,0.0,0.0,,,,0.0,0.0,,509.01,125.92,317.0,0.0,,0.0,278.4,309.45,0.0,,0.0,975.54,89577.65,,
2011-09-11,147.7,0.0,,1087.7,,,0.0,0.0,0.0,0.0,16138.34,,0.0,7533.43,3909.71,0.0,0.0,0.0,0.0,0.0,,,,0.0,2133.24,,2608.11,529.25,0.0,0.0,,0.0,1552.34,0.0,200.0,,0.0,0.0,131164.24,,
2011-09-18,519.89,0.0,,0.0,,,0.0,0.0,0.0,0.0,1474.64,,319.6,3137.7999999999997,1808.45,0.0,0.0,0.0,0.0,112.07999999999998,,,,0.0,8281.12,,562.54,0.0,0.0,0.0,,0.0,0.0,4114.08,903.28,,0.0,0.0,187934.5,,
2011-09-25,825.9200000000001,0.0,,1648.05,,,1062.1,196.35,0.0,3850.9,7585.41,,555.55,6742.7,6637.74,0.0,0.0,0.0,279.8,0.0,,,,0.0,16522.9,,4733.03,0.0,1116.22,0.0,,0.0,3346.4,0.0,4865.59,,0.0,37.5,249563.051,,
2011-10-02,671.5,0.0,,829.99,,,261.65,0.0,0.0,719.26,10538.37,,0.0,4179.53,2878.93,0.0,0.0,0.0,0.0,0.0,,,,0.0,0.0,,266.25,0.0,0.0,0.0,,0.0,290.5,151.68,2315.99,,0.0,,170904.201,,
2011-10-09,17150.53,0.0,,346.68,,,1761.0,796.74,277.48,891.4,1325.44,,310.0,3607.2599999999998,11000.3,0.0,0.0,138.03,0.0,0.0,,,,0.0,1105.33,,0.0,0.0,1730.77,0.0,,0.0,422.8,0.0,2539.56,,0.0,,253713.54,,
2011-10-16,0.0,0.0,,2630.93,,,862.3199999999999,2876.85,,171.66,7396.47,,1595.43,6911.9,7149.37,0.0,0.0,,318.06,0.0,,,,0.0,0.0,,889.51,0.0,2853.4900000000002,1002.3100000000001,,999.26,3528.34,15.0,2204.33,,1579.51,,161438.54,,
2011-10-23,0.0,1043.78,,659.75,,,0.0,739.28,,427.7,13851.42,,0.0,3849.8599999999997,9911.85,0.0,0.0,,1193.32,0.0,,,,0.0,29608.1,,0.0,0.0,1315.2,,,6068.0599999999995,1658.6,5296.96,0.0,,731.6899999999999,,179106.07,,
2011-10-30,0.0,0.0,,1585.17,,,0.0,0.0,,0.0,1147.68,,701.79,18631.11,2791.37,0.0,0.0,,1660.49,1948.0400000000002,,,,0.0,9995.220000000001,,2797.7200000000003,0.0,0.0,,,,3027.2,454.2,2911.3,,0.0,,190034.2,,
2011-11-06,1600.92,0.0,,2135.88,,,1303.14,0.0,,0.0,2643.96,,1536.18,5089.46,2958.78,0.0,1294.32,,523.74,0.0,,,,0.0,4486.91,,730.79,1361.23,202.3,,,,1111.27,671.69,6207.67,,0.0,,226770.53,,
2011-11-13,0.0,586.85,,1261.05,,,0.0,0.0,,0.0,8847.1,,0.0,6934.66,5368.67,0.0,0.0,,0.0,0.0,,,,0.0,9823.12,,0.0,,527.5600000000001,,,,1522.7,223.68,292.58,,0.0,,229378.01,,
2011-11-20,5355.4,742.9300000000001,,2798.53,,,211.63,460.89,,1794.05,10641.82,,642.67,9226.33,10179.24,0.0,0.0,,1611.3600000000001,4808.48,,,,743.43,556.74,,936.64,,569.4399999999999,,,,2278.29,1420.1399999999999,925.64,,0.0,,221870.29,,
2011-11-27,286.4,0.0,,301.25,,,0.0,,,0.0,4463.97,,310.0,5191.91,6855.72,0.0,0.0,,2753.8,0.0,,,,,10888.24,,2016.78,,1289.6,,,,3595.96,406.72,430.57,,0.0,,210741.76,,
2011-12-04,,0.0,,592.22,,,0.0,,,905.52,4923.96,,2029.05,8922.58,5390.88,0.0,0.0,,0.0,3651.6,,,,,119.0,,2843.29,,1492.93,,,,170.74,0.0,262.5,,269.96,,220213.99,,
2011-12-11,,683.2,,1107.41,,,198.4,,,168.9,5528.43,,,3752.39,6041.43,680.99,224.82,,200.45000000000002,,,,,,11728.02,,2785.7000000000003,,1371.26,,,,316.21,238.0,,,615.28,,372946.26,,
